iter	AUC
0	0.9796877145
1	0.9828479557
2	0.9837266875
3	0.9841318452
4	0.984294488
5	0.9844531324
6	0.9845625366
